﻿<?xml version="1.0" encoding="UTF-8"?>
<Window size="500,530">
  <PropGroup id="group" frameColor="222,222,222,255" frameWidth="1" bgColor="255,255,255,200" frameRound="6" padding="10,10,10,10" />
  <PropGroup id="cdsp" normalColor="222,222,222,255" hoverColor="100,100,100,255" pressColor="150,150,150,255" autoSize="false" size="190,30" />
  <UINavBar frame="15,15,0,0" name="navbar" fontSize="14" />
  <UIControl frame="0,50,485,100%" name="page0" align="LinearV">
    <UIControl frame="15,5,15f,75" align="LinearV" prop="group">
      <UIControl autoSize="true">
        <UIImgBox frame="0,0,18,18" autoSize="false" img="icon_status" />
        <UILabel frame="10,2,60,20" text="#status" />
        <UILabel frame="10,2,60,20" name="dllstate" text="Not installed" fontColor="255,128,0,255" />
      </UIControl>
      <UIControl frame="0,10,100,100" autoSize="true">
        <UIButton frame="0,0,90,26" name="install" text="#install" />
        <UIButton frame="5,0,90,26" name="uninstall" text="#uninstall" />
        <UIControl frame="10,5,1,15" bgColor="211,211,211,255" />
        <UIButton frame="10,0,120,26" name="savecfg" text="#saveconfig" />
      </UIControl>
    </UIControl>
    <UIControl frame="15,8,15f,15f" align="LinearV" prop="group">
      <UIControl frame="0,0,100,100" autoSize="true">
        <UIImgBox frame="0,0,18,18" autoSize="false" img="icon_control" />
        <UILabel frame="10,2,60,20" text="#effectset" />
      </UIControl>
      <UIControl frame="0,10,100,100" autoSize="true">
        <UILabel frame="0,1,60,20" text="#blurvalue" />
        <UISlider frame="10,0,200,16" name="blurslider" />
        <UILabel frame="5,1,60,20" name="blurvalue" text="100" />
      </UIControl>
      <UIControl frame="0,10,100,100" autoSize="true" align="LinearH">
        <UIControl frame="0,0,100,100" autoSize="true" align="LinearV">
          <UILabel frame="0,11,60,20" text="#blendcolor" />
          <UILabel frame="0,22,60,20" text="#activecolor" />
          <UILabel frame="0,21,60,20" text="#inactivecolor" />
        </UIControl>
        <UIControl frame="0,0,100,100" autoSize="true" align="LinearV">
          <UIControl frame="10,5,190,30" name="blendcolor" prop="cdsp" />
          <UIControl frame="10,5,190,30" name="activetext" prop="cdsp" />
          <UIControl frame="10,5,190,30" name="inactivetext" prop="cdsp" />
        </UIControl>
      </UIControl>
      <UIControl frame="0,18,100,100" autoSize="true">
        <UIImgBox frame="0,0,18,18" autoSize="false" img="icon_preview" />
        <UILabel frame="10,2,60,20" text="#preview" />
      </UIControl>
      <UIImgBox frame="0,10,10f,100" autoSize="false" frameColor="222,222,222,255" frameWidth="1" img="prebackground" imgStyle="3">
        <UIControl frame="20,20,20f,100" frameColor="222,222,222,255" frameWidth="1" align="LinearV">
          <UIEffectLayer frame="0,0,100%,30" name="preblur" bgColor="255,255,255,100" align="LinearH">
            <UIImgBox frame="7,7,16,16" autoSize="false" img="icon_title" />
            <UILabel frame="5,8,60,20" name="sampletitle" text="#sampletitle" />
          </UIEffectLayer>
          <UIControl frame="0,0,100%,100" bgColor="255,255,255,255" frameColor="222,222,222,255" frameWidth="1" />
        </UIControl>
      </UIImgBox>
    </UIControl>
  </UIControl>
  <UIControl frame="0,50,485,100%" name="page1" visible="false" align="LinearV">
    <UIControl frame="15,5,15f,100" align="LinearV" prop="group">
      <UIControl frame="0,0,10f,30">
        <UIImgBox frame="0,0,18,18" autoSize="false" img="icon_symbol" />
        <UILabel frame="10,2,60,20" text="#symbolfile" />
        <UILabel frame="10,2,60,20" name="symstate" text="invalid" fontColor="255,128,0,255" />
        <UIControl frame="0,0,100%,100%" align="LinearHL">
          <UIButton frame="0,0,120,26" name="downloadsym" text="#download" />
        </UIControl>
      </UIControl>
      <UILabel frame="0,5,10f,10f" autoSize="false" text="#symtip" fontColor="169,169,169,255" />
    </UIControl>
  </UIControl>
  <UIControl frame="0,50,485,100%" name="page2" visible="false" align="LinearV">
    <UIControl frame="15,5,15f,75" align="LinearV" prop="group">
      <UIControl autoSize="true">
        <UIImgBox frame="0,0,18,20" autoSize="false" img="icon_config" />
        <UILabel frame="10,3,60,20" text="#configfile" />
      </UIControl>
      <UIControl frame="0,10,100,100" autoSize="true">
        <UIButton frame="0,0,90,26" name="importcfg" text="#import" />
        <UIButton frame="5,0,90,26" name="exportcfg" text="#export" />
        <UIControl frame="10,5,1,15" bgColor="211,211,211,255" />
        <UIButton frame="10,0,130,26" name="restorecfg" text="#restore" />
      </UIControl>
    </UIControl>
  </UIControl>
  <UIControl frame="0,50,485,100%" name="page3" visible="false" align="LinearV">
    <UIControl frame="15,5,15f,120" align="LinearV" prop="group">
      <UIControl autoSize="true">
        <UIImgBox frame="0,0,18,20" autoSize="false" img="icon_about" />
        <UILabel frame="10,3,60,20" text="#about" />
      </UIControl>
      <UILabel frame="0,5,60,20" text="#aboutinfo" />
      <UILabel frame="0,5,60,20" text="https://github.com/Maplespe/DWMBlurGlass" fontColor="30,144,255,255" hyperlink="true" url="https://github.com/Maplespe/DWMBlurGlass" />
      <UILabel frame="0,5,60,20" text="#curlang" />
      <UILabel frame="0,5,60,20" name="langauthor" text="[zh-CN] 翻译贡献者: Maplespe" />
    </UIControl>
  </UIControl>
</Window>